entry;label
2g1c;negative
2 girls 1 cup;negative
acrotomophilia;negative
alabama hot pocket;negative
alaskan pipeline;negative
anal;negative
anilingus;negative
anus;negative
apeshit;negative
arsehole;negative
ass;negative
asshole;negative
assmunch;negative
auto erotic;negative
autoerotic;negative
babeland;negative
baby batter;negative
baby juice;negative
ball gag;negative
ball gravy;negative
ball kicking;negative
ball licking;negative
ball sack;negative
ball sucking;negative
bangbros;negative
bangbus;negative
bareback;negative
barely legal;negative
barenaked;negative
bastard;negative
bastardo;negative
bastinado;negative
bbw;negative
bdsm;negative
beaner;negative
beaners;negative
beaver cleaver;negative
beaver lips;negative
beastiality;negative
bestiality;negative
big black;negative
big breasts;negative
big knockers;negative
big tits;negative
bimbos;negative
birdlock;negative
bitch;negative
bitches;negative
black cock;negative
blonde action;negative
blonde on blonde action;negative
blowjob;negative
blow job;negative
blow your load;negative
blue waffle;negative
blumpkin;negative
bollocks;negative
bondage;negative
boner;negative
boob;negative
boobs;negative
booty call;negative
brown showers;negative
brunette action;negative
bukkake;negative
bulldyke;negative
bullet vibe;negative
bullshit;negative
bung hole;negative
bunghole;negative
busty;negative
butt;negative
buttcheeks;negative
butthole;negative
camel toe;negative
camgirl;negative
camslut;negative
camwhore;negative
carpet muncher;negative
carpetmuncher;negative
chocolate rosebuds;negative
cialis;negative
circlejerk;negative
cleveland steamer;negative
clit;negative
clitoris;negative
clover clamps;negative
clusterfuck;negative
cock;negative
cocks;negative
coprolagnia;negative
coprophilia;negative
cornhole;negative
coon;negative
coons;negative
creampie;negative
cum;negative
cumming;negative
cumshot;negative
cumshots;negative
cunnilingus;negative
cunt;negative
darkie;negative
date rape;negative
daterape;negative
deep throat;negative
deepthroat;negative
dendrophilia;negative
dick;negative
dildo;negative
dingleberry;negative
dingleberries;negative
dirty pillows;negative
dirty sanchez;negative
doggie style;negative
doggiestyle;negative
doggy style;negative
doggystyle;negative
dog style;negative
dolcett;negative
domination;negative
dominatrix;negative
dommes;negative
donkey punch;negative
double dong;negative
double penetration;negative
dp action;negative
dry hump;negative
dvda;negative
eat my ass;negative
ecchi;negative
ejaculation;negative
erotic;negative
erotism;negative
escort;negative
eunuch;negative
fag;negative
faggot;negative
fecal;negative
felch;negative
fellatio;negative
feltch;negative
female squirting;negative
femdom;negative
figging;negative
fingerbang;negative
fingering;negative
fisting;negative
foot fetish;negative
footjob;negative
frotting;negative
fuck;negative
fuck buttons;negative
fuckin;negative
fucking;negative
fucktards;negative
fudge packer;negative
fudgepacker;negative
futanari;negative
gangbang;negative
gang bang;negative
gay sex;negative
genitals;negative
giant cock;negative
girl on;negative
girl on top;negative
girls gone wild;negative
goatcx;negative
goatse;negative
god damn;negative
gokkun;negative
golden shower;negative
goodpoop;negative
goo girl;negative
goregasm;negative
grope;negative
group sex;negative
g-spot;negative
guro;negative
hand job;negative
handjob;negative
hard core;negative
hardcore;negative
hentai;negative
homoerotic;negative
honkey;negative
hooker;negative
horny;negative
hot carl;negative
hot chick;negative
how to kill;negative
how to murder;negative
huge fat;negative
humping;negative
incest;negative
intercourse;negative
jack off;negative
jail bait;negative
jailbait;negative
jelly donut;negative
jerk off;negative
jigaboo;negative
jiggaboo;negative
jiggerboo;negative
jizz;negative
juggs;negative
kike;negative
kinbaku;negative
kinkster;negative
kinky;negative
knobbing;negative
leather restraint;negative
leather straight jacket;negative
lemon party;negative
livesex;negative
lolita;negative
lovemaking;negative
make me come;negative
male squirting;negative
masturbate;negative
masturbating;negative
masturbation;negative
menage a trois;negative
milf;negative
missionary position;negative
mong;negative
motherfucker;negative
mound of venus;negative
mr hands;negative
muff diver;negative
muffdiving;negative
nambla;negative
nawashi;negative
negro;negative
neonazi;negative
nigga;negative
nigger;negative
nig nog;negative
nimphomania;negative
nipple;negative
nipples;negative
nsfw;negative
nsfw images;negative
nude;negative
nudity;negative
nutten;negative
nympho;negative
nymphomania;negative
octopussy;negative
omorashi;negative
one cup two girls;negative
one guy one jar;negative
orgasm;negative
orgy;negative
paedophile;negative
paki;negative
panties;negative
panty;negative
pedobear;negative
pedophile;negative
pegging;negative
penis;negative
phone sex;negative
piece of shit;negative
pikey;negative
pissing;negative
piss pig;negative
pisspig;negative
playboy;negative
pleasure chest;negative
pole smoker;negative
ponyplay;negative
poof;negative
poon;negative
poontang;negative
punany;negative
poop chute;negative
poopchute;negative
porn;negative
porno;negative
pornography;negative
prince albert piercing;negative
pthc;negative
pubes;negative
pussy;negative
queaf;negative
queef;negative
quim;negative
raghead;negative
raging boner;negative
rape;negative
raping;negative
rapist;negative
rectum;negative
reverse cowgirl;negative
rimjob;negative
rimming;negative
rosy palm;negative
rosy palm and her 5 sisters;negative
rusty trombone;negative
sadism;negative
santorum;negative
scat;negative
schlong;negative
scissoring;negative
semen;negative
sex;negative
sexcam;negative
sexo;negative
sexy;negative
sexual;negative
sexually;negative
sexuality;negative
shaved beaver;negative
shaved pussy;negative
shemale;negative
shibari;negative
shit;negative
shitblimp;negative
shitty;negative
shota;negative
shrimping;negative
skeet;negative
slanteye;negative
slut;negative
s&m;negative
smut;negative
snatch;negative
snowballing;negative
sodomize;negative
sodomy;negative
spastic;negative
spic;negative
splooge;negative
splooge moose;negative
spooge;negative
spread legs;negative
spunk;negative
strap on;negative
strapon;negative
strappado;negative
strip club;negative
style doggy;negative
suck;negative
sucks;negative
suicide girls;negative
sultry women;negative
swastika;negative
swinger;negative
tainted love;negative
taste my;negative
tea bagging;negative
threesome;negative
throating;negative
thumbzilla;negative
tied up;negative
tight white;negative
tit;negative
tits;negative
titties;negative
titty;negative
tongue in a;negative
topless;negative
tosser;negative
towelhead;negative
tranny;negative
tribadism;negative
tub girl;negative
tubgirl;negative
tushy;negative
twat;negative
twink;negative
twinkie;negative
two girls one cup;negative
undressing;negative
upskirt;negative
urethra play;negative
urophilia;negative
vagina;negative
venus mound;negative
viagra;negative
vibrator;negative
violet wand;negative
vorarephilia;negative
voyeur;negative
voyeurweb;negative
voyuer;negative
vulva;negative
wank;negative
wetback;negative
wet dream;negative
white power;negative
whore;negative
worldsex;negative
wrapping men;negative
wrinkled starfish;negative
xx;negative
xxx;negative
yaoi;negative
yellow showers;negative
yiffy;negative
zoophilia;negative
ðŸ–•;negative
happiness;positive
love;positive
peace;positive
joy;positive
kindness;positive
friendship;positive
gratitude;positive
hope;positive
optimism;positive
success;positive
achievement;positive
freedom;positive
trust;positive
honesty;positive
loyalty;positive
courage;positive
generosity;positive
compassion;positive
empathy;positive
enthusiasm;positive
patience;positive
inspiration;positive
determination;positive
growth;positive
faith;positive
beauty;positive
laughter;positive
creativity;positive
motivation;positive
wellness;positive
positivity;positive
serenity;positive
forgiveness;positive
respect;positive
understanding;positive
wisdom;positive
wonder;positive
humor;positive
reliability;positive
sincerity;positive
charity;positive
selflessness;positive
tolerance;positive
harmony;positive
ambition;positive
vitality;positive
goodness;positive
bravery;positive
passion;positive
mindfulness;positive
intelligence;positive
wisdom;positive
diligence;positive
respectfulness;positive
contentment;positive
purpose;positive
affection;positive
thoughtfulness;positive
innovation;positive
admiration;positive
enthusiasm;positive
success;positive
optimism;positive
accomplishment;positive
respectability;positive
loyalty;positive
self-confidence;positive
open-mindedness;positive
resourcefulness;positive
positiveness;positive
self-esteem;positive
strength;positive
perseverance;positive
proactiveness;positive
fairness;positive
modesty;positive
open-heartedness;positive
caring;positive
warmth;positive
hopefulness;positive
excitement;positive
dedication;positive
eagerness;positive
trustworthiness;positive
playfulness;positive
helpfulness;positive
balance;positive
modesty;positive
spirituality;positive
zest;positive
thoughtfulness;positive
cheerfulness;positive
gentleness;positive
intuitiveness;positive
honor;positive
achievement;positive
blessing;positive
appreciation;positive
support;positive
creativity;positive
uplifting;positive
