entry,label
goo girl,negative
poontang,negative
balance,positive
buttcheeks,negative
semen,negative
camslut,negative
perseverance,positive
fellatio,negative
self-confidence,positive
achievement,positive
male squirting,negative
arsehole,negative
open-heartedness,positive
carpet muncher,negative
skeet,negative
sexuality,negative
double dong,negative
voyeur,negative
intercourse,negative
ambition,positive
ponyplay,negative
porn,negative
bastardo,negative
blessing,positive
compassion,positive
selflessness,positive
carpetmuncher,negative
shitblimp,negative
knobbing,negative
gentleness,positive
goodpoop,negative
intelligence,positive
undressing,negative
tits,negative
optimism,positive
fuckin,negative
acrotomophilia,negative
spooge,negative
kinkster,negative
butthole,negative
cheerfulness,positive
passion,positive
jizz,negative
bung hole,negative
coprolagnia,negative
rusty trombone,negative
bdsm,negative
busty,negative
loyalty,positive
2g1c,negative
asshole,negative
prince albert piercing,negative
ball sack,negative
cunt,negative
playboy,negative
excitement,positive
reliability,positive
rape,negative
clit,negative
nutten,negative
brunette action,negative
blumpkin,negative
muff diver,negative
ball gag,negative
hope,positive
kinky,negative
wrapping men,negative
circlejerk,negative
bestiality,negative
diligence,positive
bitch,negative
success,positive
shaved pussy,negative
thumbzilla,negative
camwhore,negative
xxx,negative
daterape,negative
jiggerboo,negative
viagra,negative
playfulness,positive
bunghole,negative
kindness,positive
paki,negative
white power,negative
sexually,negative
neonazi,negative
positiveness,positive
slanteye,negative
coon,negative
faggot,negative
group sex,negative
spread legs,negative
ejaculation,negative
support,positive
towelhead,negative
erotic,negative
spastic,negative
optimism,positive
creativity,positive
tainted love,negative
clover clamps,negative
camgirl,negative
sincerity,positive
babeland,negative
s&m,negative
wank,negative
ball gravy,negative
slut,negative
splooge moose,negative
bollocks,negative
strap on,negative
friendship,positive
splooge,negative
hard core,negative
mound of venus,negative
growth,positive
handjob,negative
bangbus,negative
sodomize,negative
nimphomania,negative
nudity,negative
one cup two girls,negative
loyalty,positive
doggystyle,negative
big knockers,negative
shrimping,negative
sultry women,negative
hardcore,negative
fucktards,negative
pornography,negative
dp action,negative
vitality,positive
bastinado,negative
dirty sanchez,negative
foot fetish,negative
laughter,positive
yiffy,negative
bondage,negative
incest,negative
bangbros,negative
baby juice,negative
rosy palm,negative
bullet vibe,negative
leather restraint,negative
happiness,positive
coons,negative
fucking,negative
humor,positive
ball sucking,negative
mong,negative
wellness,positive
harmony,positive
anal,negative
doggy style,negative
birdlock,negative
baby batter,negative
thoughtfulness,positive
tongue in a,negative
alabama hot pocket,negative
reverse cowgirl,negative
honkey,negative
boobs,negative
dingleberry,negative
shota,negative
pissing,negative
bastard,negative
phone sex,negative
proactiveness,positive
bareback,negative
anus,negative
contentment,positive
dick,negative
beaver lips,negative
fudgepacker,negative
open-mindedness,positive
dog style,negative
doggie style,negative
grope,negative
huge fat,negative
poof,negative
figging,negative
helpfulness,positive
violet wand,negative
tied up,negative
poopchute,negative
masturbating,negative
goodness,positive
feltch,negative
tubgirl,negative
bullshit,negative
titty,negative
goatse,negative
honor,positive
vagina,negative
tranny,negative
humping,negative
omorashi,negative
dildo,negative
positivity,positive
fingerbang,negative
cornhole,negative
fuck buttons,negative
menage a trois,negative
gratitude,positive
cleveland steamer,negative
octopussy,negative
girl on top,negative
giant cock,negative
jelly donut,negative
nambla,negative
camel toe,negative
sexual,negative
wisdom,positive
orgy,negative
dolcett,negative
pussy,negative
santorum,negative
warmth,positive
tight white,negative
ðŸ–•,negative
mr hands,negative
penis,negative
nig nog,negative
understanding,positive
strength,positive
beaver cleaver,negative
jack off,negative
felch,negative
tub girl,negative
nymphomania,negative
quim,negative
urophilia,negative
boob,negative
dingleberries,negative
cocks,negative
piss pig,negative
anilingus,negative
respectfulness,positive
swastika,negative
strappado,negative
futanari,negative
frotting,negative
g-spot,negative
xx,negative
homoerotic,negative
shit,negative
ass,negative
vorarephilia,negative
date rape,negative
cialis,negative
beastiality,negative
shibari,negative
goatcx,negative
self-esteem,positive
rosy palm and her 5 sisters,negative
love,positive
jailbait,negative
urethra play,negative
fingering,negative
wrinkled starfish,negative
fisting,negative
hopefulness,positive
raging boner,negative
donkey punch,negative
twink,negative
cum,negative
femdom,negative
nipple,negative
punany,negative
cumming,negative
threesome,negative
dommes,negative
hentai,negative
jiggaboo,negative
nympho,negative
sexcam,negative
enthusiasm,positive
throating,negative
scat,negative
yaoi,negative
queef,negative
double penetration,negative
scissoring,negative
milf,negative
empathy,positive
masturbate,negative
eat my ass,negative
patience,positive
raping,negative
spirituality,positive
worldsex,negative
modesty,positive
tit,negative
rimming,negative
tushy,negative
style doggy,negative
dirty pillows,negative
hand job,negative
courage,positive
strip club,negative
spic,negative
eagerness,positive
topless,negative
negro,negative
resourcefulness,positive
girl on,negative
fag,negative
jail bait,negative
pedobear,negative
nawashi,negative
doggiestyle,negative
domination,negative
tea bagging,negative
missionary position,negative
peace,positive
respect,positive
dry hump,negative
queaf,negative
freedom,positive
dendrophilia,negative
two girls one cup,negative
twat,negative
erotism,negative
yellow showers,negative
bimbos,negative
success,positive
bulldyke,negative
pubes,negative
clitoris,negative
nsfw images,negative
hooker,negative
voyuer,negative
gangbang,negative
assmunch,negative
beaners,negative
barenaked,negative
gokkun,negative
female squirting,negative
honesty,positive
inspiration,positive
masturbation,negative
creampie,negative
blowjob,negative
nipples,negative
upskirt,negative
vibrator,negative
guro,negative
big breasts,negative
wonder,positive
wet dream,negative
kike,negative
pthc,negative
paedophile,negative
trust,positive
alaskan pipeline,negative
panties,negative
mindfulness,positive
cunnilingus,negative
motherfucker,negative
motivation,positive
lemon party,negative
determination,positive
golden shower,negative
cumshot,negative
rapist,negative
lolita,negative
booty call,negative
bitches,negative
bbw,negative
pisspig,negative
snatch,negative
jerk off,negative
bravery,positive
barely legal,negative
whore,negative
muffdiving,negative
pegging,negative
raghead,negative
genitals,negative
beauty,positive
fecal,negative
brown showers,negative
eunuch,negative
dvda,negative
caring,positive
apeshit,negative
smut,negative
respectability,positive
bukkake,negative
sadism,negative
autoerotic,negative
fudge packer,negative
big black,negative
venus mound,negative
enthusiasm,positive
joy,positive
lovemaking,negative
porno,negative
wisdom,positive
serenity,positive
spunk,negative
nigger,negative
kinbaku,negative
2 girls 1 cup,negative
auto erotic,negative
ball kicking,negative
ball licking,negative
beaner,negative
big tits,negative
black cock,negative
blonde action,negative
blonde on blonde action,negative
blow job,negative
blow your load,negative
blue waffle,negative
boner,negative
butt,negative
chocolate rosebuds,negative
clusterfuck,negative
cock,negative
coprophilia,negative
cumshots,negative
darkie,negative
deep throat,negative
deepthroat,negative
dominatrix,negative
ecchi,negative
escort,negative
footjob,negative
fuck,negative
gang bang,negative
gay sex,negative
girls gone wild,negative
god damn,negative
goregasm,negative
horny,negative
hot carl,negative
hot chick,negative
how to kill,negative
how to murder,negative
jigaboo,negative
juggs,negative
leather straight jacket,negative
livesex,negative
make me come,negative
nigga,negative
nsfw,negative
nude,negative
one guy one jar,negative
orgasm,negative
panty,negative
pedophile,negative
piece of shit,negative
pikey,negative
pleasure chest,negative
pole smoker,negative
poon,negative
poop chute,negative
rectum,negative
rimjob,negative
schlong,negative
sex,negative
sexo,negative
sexy,negative
shaved beaver,negative
shemale,negative
shitty,negative
snowballing,negative
sodomy,negative
strapon,negative
suck,negative
sucks,negative
suicide girls,negative
swinger,negative
taste my,negative
titties,negative
tosser,negative
tribadism,negative
twinkie,negative
voyeurweb,negative
vulva,negative
wetback,negative
zoophilia,negative
achievement,negative
generosity,negative
faith,negative
creativity,negative
forgiveness,negative
charity,negative
tolerance,negative
purpose,negative
affection,negative
thoughtfulness,negative
innovation,negative
admiration,negative
accomplishment,negative
fairness,negative
dedication,negative
trustworthiness,negative
modesty,negative
zest,negative
intuitiveness,negative
appreciation,negative
uplifting,negative
